Stigma,With Stigma,Without Stigma,With Stigma - plural,Without Stigma - plural,,,,,Cluster,Visibility,Persistent Course,Disrupt,Unappealing Aesthetics,Controllable Origin,Peril,n,%
Autism Or Autism Spectrum Disorder,with autism,without autism,with autism,without autism,,,,,1 - Awkward,3.68 / 20,5.09 / 17,4.38 / 2,2.41 / 31,.53 / 74,1.51 / 30,13,1.3
Bipolar Disorder Symptomatic,with bipolar disorder,without bipolar disorder,with bipolar disorder,without bipolar disorder,,,,,1 - Awkward,2.60 / 25,4.31 / 40,3.67 / 5,2.23 / 34,1.64 / 55,2.82 / 16,34,3.3
Blind Completely,with complete blindness,without complete blindness,with complete blindness,without complete blindness,,,,,1 - Awkward,4.97 / 6,5.39 / 11,3.39 / 9,1.42 / 53,.29 / 82,.44 / 77,3,0.3
Cleft Lip And Palate Current,with a cleft lip and palate currently,without a cleft lip and palate currently,with a cleft lip and palate currently,without a cleft lip and palate currently,,,,,1 - Awkward,5.29 / 4,4.21 / 41,2.46 / 20,3.46 / 11,.43 / 75,.29 / 88,3,0.3
Deaf Completely,with complete deafness,without complete deafness,with complete deafness,without complete deafness,,,,,1 - Awkward,4.67 / 9,5.30 / 12,4.05 / 4,1.35 / 55,.38 / 78,.41 / 79,4,0.4
Facial Scars,with facial scars,without facial scars,with facial scars,without facial scars,,,,,1 - Awkward,4.12 / 16,4.48 / 35,1.85 / 35,2.79 / 23,1.20 / 63,.49 / 71,106,10.3
Mental Retardation,with mental retardation,without mental retardation,with mental retardation,without mental retardation,,,,,1 - Awkward,4.18 / 15,5.56 / 6,4.35 / 3,2.85 / 21,.22 / 85,.90 / 44,1,0.1
Movement/Gait Impairment Current Avg. Sev.,with movement or gait impairment,without movement or gait impairment,with movement or gait impairment,without movement or gait impairment,,,,,1 - Awkward,4.12 / 17,3.94 / 45,2.03 / 32,1.58 / 49,.77 / 67,.59 / 65,56,5.5
Schizophrenia Symptomatic,with schizophrenia,without schizophrenia,with schizophrenia,without schizophrenia,,,,,1 - Awkward,3.53 / 21,4.81 / 28,4.39 / 1,3.20 / 16,1.25 / 61,3.83 / 6,3,0.3
Short,who is short,who is not short,who are short,who are not short,,,,,1 - Awkward,5.65 / 2,5.68 / 2,2.26 / 22,2.64 / 27,.10 / 93,.22 / 90,20,2
Speech Disability,who has a speech disability,who does not have a speech disability,who have a speech disability,who do not have a speech disability,,,,,1 - Awkward,4.36 / 13,3.91 / 46,3.63 / 6,2.04 / 37,.97 / 65,.32 / 86,27,2.6
Stroke Recent Avg. Impairment,who recently had a stroke,who did not recently have a stroke,who recently had a stroke,who did not recently have a stroke,,,,,1 - Awkward,3.20 / 22,3.86 / 48,2.72 / 17,1.42 / 54,1.12 / 64,.69 / 53,9,0.9
Unattractive,who is unattractive,who is not unattractive,who are unattractive,who are not unattractive,,,,,1 - Awkward,4.50 / 11,4.91 / 26,2.07 / 29,3.29 / 15,1.24 / 62,.42 / 78,127,12.4
Using A Wheel Chair All The Time,who uses a wheel chair all the time,who does not use a wheel chair all the time,who use a wheel chair all the time,who do not use a wheel chair all the time,,,,,1 - Awkward,5.69 / 1,4.77 / 29,2.52 / 18,1.59 / 48,.61 / 73,.52 / 68,10,1
Alcohol Dependency Current,who has an alcohol dependency currently,who does not have an alcohol dependency currently,who have an alcohol dependency currently,who do not have an alcohol dependency currently,,,,,2 - Threatening,1.79 / 35,3.68 / 53,3.04 / 13,2.84 / 22,4.67 / 25,2.93 / 13,45,4.4
Bacterial STD,who has a bacterial STD,who does not have a bacterial STD,who have a bacterial STD,who do not have a bacterial STD,,,,,2 - Threatening,.28 / 86,2.48 / 91,1.20 / 59,3.95 / 3,4.44 / 31,3.45 / 11,23,2.2
Cocaine Use Recreationally,who uses cocaine recreationally,who does not use cocaine recreationally,who use cocaine recreationally,who do not use cocaine recreationally,,,,,2 - Threatening,.95 / 52,3.19 / 73,2.25 / 23,2.72 / 26,5.47 / 10,2.86 / 14,81,7.9
Criminal Record,who has a criminal record,who does not have a criminal record,who have a criminal record,who do not have a criminal record,,,,,2 - Threatening,.35 / 83,5.11 / 16,2.18 / 25,2.93 / 19,5.17 / 17,3.92 / 4,68,6.6
Crystal Meth. Use Recreationally,who uses crystal meth recreationally,who does not use crystal meth recreationally,who use crystal meth recreationally,who do not use crystal meth recreationally,,,,,2 - Threatening,1.47 / 41,3.58 / 56,2.76 / 16,3.55 / 10,5.42 / 11,3.52 / 10,23,2.2
Drug Dealing,who has dealt drugs,who has not dealt drugs,who have dealt drugs,who have not dealt drugs,,,,,2 - Threatening,.77 / 61,3.51 / 59,2.97 / 14,3.71 / 7,5.55 / 6,4.21 / 3,27,2.6
Drug Dependency Current,who has a drug dependency currently,who does not have a drug dependency currently,who have a drug dependency currently,who do not have a drug dependency currently,,,,,2 - Threatening,2.05 / 29,3.85 / 49,3.46 / 8,3.41 / 13,4.79 / 23,3.66 / 9,28,2.7
Gang Member Currently,who is a gang member currently,who is not a gang member currently,who are gang members currently,who are not gang members currently,,,,,2 - Threatening,1.25 / 44,3.96 / 44,3.31 / 10,3.65 / 9,5.56 / 4,5.08 / 1,0,0
Genital Herpes,who has genital herpes,who does not have genital herpes,who have genital herpes,who do not have genital herpes,,,,,2 - Threatening,.22 / 88,4.11 / 42,1.07 / 68,3.80 / 5,4.22 / 35,3.26 / 12,17,1.7
HIV Avg. Symptoms,who has HIV symptoms,who does not have HIV symptoms,who have HIV symptoms,who do not have HIV symptoms,,,,,2 - Threatening,.69 / 64,5.05 / 19,1.78 / 37,4.01 / 2,4.13 / 36,3.88 / 5,1,0.1
Homeless,who is homeless,who is not homeless,who are homeless,who are not homeless,,,,,2 - Threatening,2.04 / 30,3.20 / 72,2.88 / 15,3.34 / 14,3.90 / 40,2.83 / 15,58,5.7
Injection Drug Use,who uses injection drugs,who does not use injection drugs,who use injection drugs,who do not use injection drugs,,,,,2 - Threatening,1.57 / 39,3.72 / 52,3.06 / 12,3.94 / 4,5.34 / 12,3.69 / 8,11,1.1
On Parole Currently,who is currently on parole,who is not currently on parole,who are currently on parole,who are not currently on parole,,,,,2 - Threatening,.48 / 72,3.04 / 83,2.41 / 21,2.95 / 18,5.02 / 19,3.80 / 7,10,1
Sex Offender,who is a sex offender,who is not a sex offender,who are sex offenders,who are not sex offenders,,,,,2 - Threatening,.37 / 79,5.29 / 13,3.58 / 7,5.31 / 1,5.50 / 8,4.70 / 2,2,0.2
Asian American,who is Asian American,who is not Asian American,who are Asian American,who are not Asian American,,,,,3 - Sociodemographic,4.56 / 10,5.46 / 10,.78 / 77,.38 / 91,.15 / 92,.25 / 89,87,8.5
Black/African American,who is Black or African American,who is not Black or African American,who are Black or African American,who are not Black or African American,,,,,3 - Sociodemographic,5.24 / 5,5.66 / 3,1.62 / 41,.93 / 72,.21 / 86,2.06 / 23,63,6.1
Latina/Latino,who is Latina or Latino,who is not Latina or Latino,who are Latina or Latino,who are not Latina or Latino,,,,,3 - Sociodemographic,3.79 / 18,5.63 / 4,1.21 / 58,.58 / 84,.18 / 89,1.30 / 33,76,7.4
Middle Eastern,who is Middle Eastern,who is not Middle Eastern,who are Middle Eastern,who are not Middle Eastern,,,,,3 - Sociodemographic,4.20 / 14,5.59 / 5,1.80 / 36,1.09 / 66,.19 / 87,2.11 / 22,14,1.4
Multiracial,who is multiracial,who is not multiracial,who are multiracial,who are not multiracial,,,,,3 - Sociodemographic,3.08 / 23,5.55 / 7,1.01 / 71,.57 / 85,.18 / 90,.79 / 48,44,4.3
Native American,who is Native American,who is not Native American,who are Native American,who are not Native American,,,,,3 - Sociodemographic,3.75 / 19,5.51 / 9,1.12 / 64,.49 / 89,.18 / 88,.67 / 57,19,1.9
Old Age,who is of old age,who is not of old age,who are of old age,who are not of old age,,,,,3 - Sociodemographic,4.75 / 7,5.77 / 1,1.74 / 38,2.09 / 35,.28 / 84,.51 / 70,99,9.7
South Asian,who is South Asian,who is not South Asian,who are South Asian,who are not South Asian,,,,,3 - Sociodemographic,4.73 / 8,5.53 / 8,1.09 / 66,.50 / 87,.17 / 91,.64 / 60,39,3.8
Asexual,who is asexual,who is not asexual,who are asexual,who are not asexual,,,,,4 - Innocuous Persistent,.44 / 75,4.36 / 38,.81 / 76,.88 / 73,2.34 / 49,.45 / 76,19,1.9
Atheist,who is Atheist,who is not Atheist,who are Atheist,who are not Atheist,,,,,4 - Innocuous Persistent,.16 / 92,4.58 / 32,.88 / 74,1.23 / 64,5.48 / 9,.83 / 45,276,26.9
Bipolar Disorder Remitted,who has remitted bipolar disorder,who does not have remitted bipolar disorder,who have remitted bipolar disorder,who do not have remitted bipolar disorder,,,,,4 - Innocuous Persistent,.60 / 67,3.51 / 60,1.45 / 48,1.19 / 65,1.60 / 57,1.75 / 24,22,2.1
Breast Cancer Current Avg. Symptoms,who has breast cancer currently,who does not have breast cancer currently,who have breast cancer currently,who do not have breast cancer currently,,,,,4 - Innocuous Persistent,1.06 / 50,3.05 / 82,1.08 / 67,.98 / 68,.28 / 83,.69 / 55,1,0.1
Breast Cancer Remitted,who has remitted breast cancer,who does not have remitted breast cancer,who have remitted breast cancer,who do not have remitted breast cancer,,,,,4 - Innocuous Persistent,.29 / 85,2.72 / 89,.40 / 91,.49 / 88,.35 / 80,.48 / 74,6,0.6
Chest Scars,who has chest scars,who does not have chest scars,who have chest scars,who do not have chest scars,,,,,4 - Innocuous Persistent,.37 / 80,4.57 / 33,.48 / 87,1.84 / 41,1.65 / 54,.39 / 82,25,2.4
Colorectal Cancer Current Avg. Symptoms,who has colorectal cancer currently,who does not have colorectal cancer currently,who have colorectal cancer currently,who do not have colorectal cancer currently,,,,,4 - Innocuous Persistent,1.04 / 51,3.26 / 69,1.19 / 61,1.23 / 62,.38 / 77,.71 / 51,0,0
Colorectal Cancer Remitted,who has remitted colorectal cancer,who does not have remitted colorectal cancer,who have remitted colorectal cancer,who do not have remitted colorectal cancer,,,,,4 - Innocuous Persistent,.29 / 84,2.77 / 87,.47 / 88,.67 / 83,.39 / 76,.51 / 69,2,0.2
Depression Remitted,who has remitted depression,who does not have remitted depression,who have remitted depression,who do not have remitted depression,,,,,4 - Innocuous Persistent,.39 / 78,2.77 / 88,1.06 / 69,.82 / 76,2.27 / 50,1.06 / 39,270,26.3
Diabetes Type 2,who has type 2 diabetes,who does not have type 2 diabetes,who have type 2 diabetes,who do not have type 2 diabetes,,,,,4 - Innocuous Persistent,.56 / 68,4.43 / 36,.70 / 80,.77 / 78,2.77 / 46,.66 / 59,27,2.6
Divorced Previously,who was divorced previously,who was not divorced previously,who were divorced previously,who were not divorced previously,,,,,4 - Innocuous Persistent,.19 / 89,4.33 / 39,.37 / 93,.35 / 92,4.28 / 32,.21 / 91,131,12.8
Documented Immigrant,who is a documented immigrant,who is not a documented immigrant,who are documented immigrants,who are documented immigrants,,,,,4 - Innocuous Persistent,.46 / 74,4.62 / 30,.70 / 82,.72 / 80,4.98 / 20,.63 / 61,20,2
Fundamentalist Christian,who is a Fundamentalist Christian,who is not a Fundamentalist Christian,who are Fundamentalist Christians,who are not Fundamentalist Christians,,,,,4 - Innocuous Persistent,.48 / 73,4.91 / 25,.95 / 73,.86 / 74,5.08 / 18,.62 / 63,74,7.2
Had An Abortion Previously,who had an abortion previously,who has not had an abortion previously,who had an abortion previously,who have not had an abortion previously,,,,,4 - Innocuous Persistent,.11 / 93,5.00 / 21,.65 / 84,1.34 / 56,5.26 / 16,.31 / 87,62,6
Heart Attack Recent Avg. Impairment,who had a heart attack recently,who has not had a heart attack recently,who had a heart attack recently,who have not had a heart attack recently,,,,,4 - Innocuous Persistent,1.33 / 43,3.41 / 62,1.49 / 45,.83 / 75,1.61 / 56,.73 / 49,4,0.4
Infertile,who is infertile,who is not infertile,who are infertile,who are not infertile,,,,,4 - Innocuous Persistent,.16 / 91,4.37 / 37,.40 / 92,.27 / 93,.69 / 71,.20 / 92,21,2
Intersex,who is intersex,who is not intersex,who are intersex,who are not intersex,,,,,4 - Innocuous Persistent,.81 / 58,4.92 / 24,1.64 / 39,2.50 / 28,1.41 / 58,.70 / 52,1,0.1
Jewish,who is Jewish,who is not Jewish,who are Jewish,who are not Jewish,,,,,4 - Innocuous Persistent,.77 / 60,5.05 / 20,.70 / 81,2.33 / 33,4.22 / 33,.49 / 72,15,1.5
Lesbian/Gay/Bisexual/Non-Heterosexual,"who is lesbian, gay, bisexual, or non-hetereosexual","who is not lesbian, gay, bisexual, or non-hetereosexual","who are lesbian, gay, bisexual, or non-hetereosexual","who are not lesbian, gay, bisexual, or non-hetereosexual",,,,,4 - Innocuous Persistent,.65 / 65,5.12 / 15,1.39 / 51,1.73 / 45,2.41 / 47,1.19 / 37,94,9.2
Less Than A High School Education,who has less than a high school education,who does not have less than a high school education,who have less than a high school education,who do not have less than a high school education,,,,,4 - Innocuous Persistent,1.21 / 45,3.33 / 67,1.36 / 52,1.31 / 58,4.22 / 34,.61 / 64,14,1.4
Limb Scars,who has limb scars,who does not have limb scars,who have limb scars,who do not have limb scars,,,,,4 - Innocuous Persistent,.87 / 56,4.53 / 34,.60 / 86,1.77 / 44,1.70 / 52,.33 / 85,93,9.1
Lung Cancer Current Avg. Symptoms,who has lung cancer currently,who does not have lung cancer currently,who have lung cancer currently,who do not have lung cancer currently,,,,,4 - Innocuous Persistent,1.61 / 38,3.86 / 47,1.47 / 46,1.26 / 60,1.98 / 51,.81 / 46,0,0
Lung Cancer Remitted,who has remitted lung cancer,who does not have remitted lung cancer,who have remitted lung cancer,who do not have remitted lung cancer,,,,,4 - Innocuous Persistent,.48 / 71,3.15 / 75,.62 / 85,.68 / 82,1.66 / 53,.58 / 67,1,0.1
Movement/Gait Impairment Remitted Avg. Sev.,who has remitted movement or gait impairment,who does not have remitted movement or gait impairment,who have remitted movement or gait impairment,who do not have remitted movement or gait impairment,,,,,4 - Innocuous Persistent,2.31 / 28,2.86 / 85,1.22 / 56,.73 / 79,.71 / 70,.40 / 81,70,6.8
Prostate Cancer Current Avg. Symptoms,who has prostate cancer currently,who does not have prostate cancer currently,who have prostate cancer currently,who do not have prostate cancer currently,,,,,4 - Innocuous Persistent,.89 / 55,3.14 / 77,1.10 / 65,.95 / 71,.32 / 81,.68 / 56,0,0
Prostate Cancer Remitted,who has remitted prostate cancer,who does not have remitted prostate cancer,who have remitted prostate cancer,who do not have remitted prostate cancer,,,,,4 - Innocuous Persistent,.23 / 87,2.61 / 90,.41 / 90,.51 / 86,.36 / 79,.47 / 75,2,0.2
Psoriasis Remitted Avg. Severity,who has remitted psoriasis,who does not have remitted psoriasis,who have remitted psoriasis,who do not have remitted psoriasis,,,,,4 - Innocuous Persistent,1.67 / 37,2.43 / 92,.77 / 79,1.04 / 67,.75 / 68,1.06 / 40,27,2.6
Teen Parent Currently,who is a teen parent currently,who is not a teen parent currently,who are teen parents currently,who are not teen parents currently,,,,,4 - Innocuous Persistent,1.15 / 46,4.89 / 27,1.21 / 57,1.25 / 61,4.77 / 24,.38 / 83,5,0.5
Teen Parent Previously,who was a teen parent previously,who was not a teen parent previously,who were teen parents previously,who ere not teen parents previously,,,,,4 - Innocuous Persistent,.36 / 82,4.95 / 22,.78 / 78,.96 / 70,4.65 / 26,.34 / 84,32,3.1
Unemployed,who is unemployed,who is not unemployed,who are unemployed,who are not unemployed,,,,,4 - Innocuous Persistent,.70 / 63,2.03 / 93,1.28 / 54,1.33 / 57,3.72 / 41,.72 / 50,436,42.5
Voluntarily Childless,who is voluntarily childless,who is not voluntarily childless,who are voluntarily childless,who are not voluntarily childless,,,,,4 - Innocuous Persistent,.41 / 77,3.54 / 58,.46 / 89,.43 / 90,5.33 / 13,.15 / 93,182,17.8
Was Raped Previously,who was raped previously,who was not raped previously,who were raped previously,who were not raped previously,,,,,4 - Innocuous Persistent,.17 / 90,4.95 / 23,1.03 / 70,.98 / 69,1.32 / 59,.49 / 73,66,6.4
Working Class Or Poor,who is working class or poor,who is not working class or poor,who are working class or poor,who are not working class or poor,,,,,4 - Innocuous Persistent,1.48 / 40,3.45 / 61,1.16 / 63,1.23 / 63,3.29 / 44,.93 / 43,422,41.2
Working In A Manual Industry,who is working in a manual industry,who is not working in a manual industry,who are working in a manual industry,who are not working in a manual industry,,,,,4 - Innocuous Persistent,1.14 / 47,3.30 / 68,.81 / 75,.82 / 77,3.57 / 43,.58 / 66,138,13.5
Working In A Service Industry,who is working in a service industry,who is not working in a service industry,who are working in a service industry,who are not working in a service industry,,,,,4 - Innocuous Persistent,.81 / 59,3.06 / 81,.70 / 83,.68 / 81,3.61 / 42,.41 / 80,299,29.2
Alcohol Dependency Remitted,who has remitted alcohol dependency,who does not have remitted alcohol dependency,who have remitted alcohol dependency,who do not have remitted alcohol dependency,,,,,5 - Unappealing Persistent,.51 / 70,3.08 / 79,1.19 / 60,1.27 / 59,4.54 / 29,1.68 / 28,95,9.3
Depression Symptomatic,who is symptomatic of depression,who is not symptomatic of depression,who are symptomatic of depression,who are not symptomatic of depression,,,,,5 - Unappealing Persistent,1.88 / 33,3.24 / 70,3.11 / 11,1.57 / 50,2.36 / 48,1.75 / 25,203,19.8
Drug Dependency Remitted,who has remitted drug dependency,who does not have remitted drug dependency,who have remitted drug dependency,who do not have remitted drug dependency,,,,,5 - Unappealing Persistent,.52 / 69,3.21 / 71,1.33 / 53,1.72 / 46,4.62 / 27,2.15 / 21,93,9.1
Fat/Overweight/Obese Current Avg. Severity,"who is fat, overweight, or obese currently","who is not fat, overweight, or obese currently","who are fat, overweight, or obese currently","who are not fat, overweight, or obese currently",,,,,5 - Unappealing Persistent,5.40 / 3,3.82 / 50,2.07 / 28,3.66 / 8,4.91 / 21,.95 / 42,345,33.7
Fat/Overweight/Obese Remitted Avg. Severity,"who was fat, overweight, or obese previously","who was not fat, overweight, or obese previously","who were fat, overweight, or obese previously","who were not fat, overweight, or obese previously",,,,,5 - Unappealing Persistent,2.43 / 27,2.82 / 86,1.00 / 72,1.43 / 52,4.59 / 28,.63 / 62,317,30.9
Fecal Incontinence,who has fecal incontinence,who does not have fecal incontinence,who have fecal incontinence,who do not have fecal incontinence,,,,,5 - Unappealing Persistent,1.39 / 42,3.58 / 57,2.47 / 19,3.76 / 6,.65 / 72,.80 / 47,19,1.9
Having Sex For Money,who is having sex for money,who is not having sex for money,who are having sex for money,who are not having sex for money,,,,,5 - Unappealing Persistent,.37 / 81,3.13 / 78,2.14 / 27,3.46 / 12,5.31 / 15,1.71 / 26,23,2.2
Illiteracy,who is illiterate,who is not illiterate,who are illiterate,who are not illiterate,,,,,5 - Unappealing Persistent,1.83 / 34,3.15 / 76,2.23 / 24,1.66 / 47,4.01 / 37,.69 / 54,0,0
Living In A Trailer Park,who is living in a trailer park,who is not living in a trailer park,who are living in a trailer park,who are not living in a trailer park,,,,,5 - Unappealing Persistent,.85 / 57,3.08 / 80,1.18 / 62,1.94 / 40,3.98 / 38,1.21 / 36,70,6.8
Living In Public Housing,who is living in public housing,who is not living in public housing,who are living in public housing,who are not living in public housing,,,,,5 - Unappealing Persistent,.91 / 53,3.18 / 74,1.24 / 55,1.82 / 43,3.91 / 39,1.39 / 32,35,3.4
Marijuana Use Recreationally,who uses marijuana recrationally,who does not use marijuana recrationally,who use marijuana recrationally,who do not use marijuana recrationally,,,,,5 - Unappealing Persistent,.63 / 66,2.99 / 84,1.45 / 47,1.43 / 51,5.51 / 7,1.68 / 27,261,25.5
Multiple Body Piercings,who has multiple body piercings,who does not have multiple body piercings,who have multiple body piercings,who do not have multiple body piercings,,,,,5 - Unappealing Persistent,1.72 / 36,3.33 / 66,1.54 / 43,2.43 / 30,5.75 / 2,1.15 / 38,54,5.3
Multiple Facial Piercings,who has multiple facial piercings,who does not have multiple facial piercings,who have multiple facial piercings,who do not have multiple facial piercings,,,,,5 - Unappealing Persistent,4.40 / 12,3.39 / 64,2.03 / 31,2.74 / 25,5.56 / 5,.97 / 41,34,3.3
Multiple Tattoos,who has multiple tattoos,who does not have multiple tattoos,who have multiple tattoos,who do not have multiple tattoos,,,,,5 - Unappealing Persistent,2.01 / 31,4.61 / 31,1.44 / 49,2.08 / 36,5.75 / 1,1.21 / 35,123,12
Muslim,who is Muslim,who is not Muslim,who are Muslim,who are not Muslim,,,,,5 - Unappealing Persistent,1.09 / 49,5.14 / 14,1.56 / 42,2.01 / 39,4.49 / 30,2.22 / 20,12,1.2
Polyamorous,who is polyamorous,who is not polyamorous,who are polyamorous,who are not polyamorous,,,,,5 - Unappealing Persistent,.43 / 76,3.60 / 55,1.64 / 40,2.02 / 38,5.65 / 3,1.41 / 31,45,4.4
Psoriasis Current Avg. Severity,who has psoriasis currently,who does not have psoriasis currently,who have psoriasis currently,who do not have psoriasis currently,,,,,5 - Unappealing Persistent,2.70 / 24,3.36 / 65,1.39 / 50,2.46 / 29,.84 / 66,1.64 / 29,26,2.5
Schizophrenia Remitted,who has remitted schizophrenia,who does not have remitted schizophrenia,who have remitted schizophrenia,who do not have remitted schizophrenia,,,,,5 - Unappealing Persistent,1.10 / 48,4.05 / 43,2.05 / 30,1.84 / 42,1.28 / 60,2.51 / 17,5,0.5
Smoking Cigarettes Daily,who is smoking cigarettes daily,who is not smoking cigarettes daily,who are smoking cigarettes daily,who are not smoking cigarettes daily,,,,,5 - Unappealing Persistent,2.44 / 26,3.41 / 63,1.49 / 44,2.77 / 24,5.32 / 14,2.51 / 18,244,23.8
Transgender,who is transgender,who is not transgender,who are transgender,who are not transgender,,,,,5 - Unappealing Persistent,1.89 / 32,5.06 / 18,2.17 / 26,2.87 / 20,3.28 / 45,1.23 / 34,12,1.2
Undocumented Immigrant,who is an undocumented immigrant,who is not an undocumented immigrant,who are undocumented immigrants,who are not undocumented immigrants,,,,,5 - Unappealing Persistent,.71 / 62,3.78 / 51,1.98 / 33,2.38 / 32,4.80 / 22,2.27 / 9,5,0.5
Urinary Incontinence,who has urinary incontinence,who does not have urinary incontinence,who have urinary incontinence,who do not have urinary incontinence,,,,,5 - Unappealing Persistent,.89 / 54,3.66 / 54,1.96 / 34,2.97 / 17,.73 / 69,.66 / 54,45,4.4